Player,Team,Pos,G,AB,R,H,2B,3B,HR,RBI,SB,CS,BB,SO,SH,SF,HBP,AVG,OBP,SLG,OPS
Mookie Betts,BOS,OF,158,672,122,214,42,5,31,113,26,4,49,80,0,7,2,0.318,0.363,0.534,0.897
Robinson Cano,SEA,2B,161,655,107,195,33,2,39,103,0,1,47,100,0,5,8,0.298,0.35,0.533,0.883
Xander Bogaerts,BOS,SS,157,652,115,192,34,1,21,89,13,4,58,123,0,3,6,0.294,0.356,0.446,0.802
George Springer,HOU,OF,162,644,116,168,29,5,29,82,9,10,88,178,0,1,11,0.261,0.359,0.457,0.816
Jose Altuve,HOU,2B,161,640,108,216,42,5,24,96,30,10,60,70,3,7,7,0.338,0.396,0.531,0.927
Manny Machado,BAL,SS,157,640,105,188,40,1,37,96,0,3,48,120,0,5,3,0.294,0.343,0.533,0.876
Jean Segura,ARI,SS,153,637,102,203,41,7,20,64,33,10,39,101,4,2,12,0.319,0.368,0.499,0.867
Alcides Escobar,KC,SS,162,637,57,166,24,6,7,55,17,4,27,96,10,5,3,0.261,0.292,0.35,0.642
Dustin Pedroia,BOS,2B,154,633,105,201,36,1,15,74,7,4,61,73,1,3,0,0.318,0.376,0.449,0.825
Evan Longoria,TB,3B,160,633,81,173,41,4,36,98,0,3,42,144,0,7,3,0.273,0.318,0.521,0.839
Corey Seager,LAD,SS,157,627,105,193,40,5,26,72,3,3,54,133,0,2,4,0.308,0.365,0.512,0.877
Ian Desmond,TEX,OF,156,625,107,178,29,3,22,86,21,6,44,160,0,3,5,0.285,0.335,0.446,0.781
Jose Abreu,CWS,1B,159,624,67,183,32,1,25,100,0,2,47,125,0,9,15,0.293,0.353,0.468,0.821
Adam Jones,BAL,OF,152,619,86,164,19,0,29,83,2,0,39,115,1,8,5,0.265,0.31,0.436,0.746
Adam Eaton,CWS,OF,157,619,91,176,29,9,14,59,14,5,63,115,7,3,14,0.284,0.362,0.428,0.79
Nolan Arenado,COL,3B,160,618,116,182,35,6,41,133,2,3,68,103,0,8,2,0.294,0.362,0.57,0.932
Ian Kinsler,DET,2B,153,618,117,178,29,4,28,83,14,6,45,115,0,3,13,0.288,0.348,0.484,0.832
Jonathan Schoop,BAL,2B,162,615,82,164,38,1,25,82,1,2,21,137,0,3,8,0.267,0.298,0.454,0.752
Brian Dozier,MIN,2B,155,615,104,165,35,5,42,99,18,2,61,138,2,5,8,0.268,0.34,0.546,0.886
Mark Trumbo,BAL,DH,159,613,94,157,27,1,47,108,2,0,51,170,0,0,3,0.256,0.316,0.533,0.849
Jason Kipnis,CLE,2B,156,610,91,168,41,4,23,82,15,3,60,146,5,7,6,0.275,0.343,0.469,0.812
Eric Hosmer,KC,1B,158,605,80,161,24,1,25,104,5,3,57,132,0,4,1,0.266,0.328,0.433,0.761
Rougned Odor,TEX,2B,150,605,89,164,33,4,33,88,14,7,19,135,0,4,4,0.271,0.296,0.502,0.798
Francisco Lindor,CLE,SS,158,604,99,182,30,3,15,78,19,5,57,88,3,15,5,0.301,0.358,0.435,0.793
Kris Bryant,CHC,3B,155,603,121,176,35,3,39,102,8,5,75,154,0,3,18,0.292,0.385,0.554,0.939
Edwin Encarnacion,TOR,1B,160,601,99,158,34,0,42,127,2,0,87,138,0,8,5,0.263,0.357,0.529,0.886
Martin Prado,MIA,3B,153,600,70,183,37,3,8,75,2,2,49,69,0,5,4,0.305,0.359,0.417,0.776
Wil Myers,SD,3B,157,599,99,155,29,4,28,94,28,6,68,160,0,5,4,0.259,0.336,0.461,0.797
Nick Markakis,ATL,OF,158,599,67,161,38,0,13,89,0,2,71,101,0,9,5,0.269,0.346,0.397,0.743
Andrew McCutchen,PIT,OF,153,598,81,153,26,3,24,79,6,7,69,143,0,3,5,0.256,0.336,0.43,0.766
Kyle Seager,SEA,3B,158,597,89,166,36,3,30,99,3,1,69,108,0,2,8,0.278,0.359,0.499,0.858
Miguel Cabrera,DET,1B,158,595,92,188,31,1,38,108,0,0,75,116,0,5,4,0.316,0.393,0.563,0.956
Kole Calhoun,LAA,OF,157,594,91,161,35,5,18,75,2,3,67,118,0,5,6,0.271,0.348,0.438,0.786
Albert Pujols,LAA,1B,152,593,71,159,19,0,31,119,4,0,49,75,0,6,2,0.268,0.323,0.457,0.78
Melky Cabrera,CWS,OF,151,591,70,175,42,5,14,86,2,0,47,69,3,5,0,0.296,0.345,0.455,0.8
Todd Frazier,CWS,3B,158,590,89,133,21,0,40,98,15,5,64,163,1,7,4,0.225,0.302,0.464,0.766
Nelson Cruz,SEA,DH,155,589,96,169,27,1,43,105,2,0,62,159,0,7,9,0.287,0.36,0.555,0.915
Freddie Freeman,ATL,1B,158,589,102,178,43,6,34,91,6,1,89,171,0,5,10,0.302,0.4,0.569,0.969
Jonathan Villar,MIL,2B,156,589,92,168,38,3,19,63,62,18,79,174,5,4,2,0.285,0.369,0.457,0.826
Carlos Gonzalez,COL,OF,150,584,87,174,42,2,25,100,2,2,46,129,0,1,1,0.298,0.35,0.505,0.855
Freddy Galvis,PHI,SS,158,584,61,141,26,3,20,67,17,6,25,136,8,4,3,0.241,0.274,0.399,0.673
Anthony Rizzo,CHC,1B,155,583,94,170,43,4,32,109,3,5,74,108,0,3,16,0.292,0.385,0.544,0.929
Odubel Herrera,PHI,OF,159,583,87,167,21,6,15,49,25,7,63,134,2,2,6,0.286,0.361,0.42,0.781
Adrian Beltre,TEX,3B,153,583,89,175,31,1,32,104,1,1,48,66,0,3,6,0.3,0.358,0.521,0.879
Stephen Piscotty,STL,OF,153,582,86,159,35,3,22,85,7,5,51,133,1,2,12,0.273,0.343,0.457,0.8
Carlos Santana,CLE,1B,158,582,89,151,31,3,34,87,5,2,99,99,0,5,2,0.259,0.366,0.498,0.864
Maikel Franco,PHI,3B,152,581,67,148,23,1,25,88,1,1,40,106,0,4,5,0.255,0.306,0.427,0.733
Paul Goldschmidt,ARI,1B,158,579,106,172,33,3,24,95,32,5,110,150,0,8,7,0.297,0.411,0.489,0.9
Christian Yelich,MIA,OF,155,578,78,172,38,3,21,98,9,4,72,138,0,5,4,0.298,0.376,0.483,0.859
Charlie Blackmon,COL,OF,143,578,111,187,35,5,29,82,17,9,43,102,3,4,13,0.324,0.381,0.552,0.933
Carlos Correa,HOU,SS,153,577,76,158,36,3,20,96,13,3,75,139,0,3,5,0.274,0.361,0.451,0.812
Starlin Castro,NYY,2B,151,577,63,156,29,1,21,70,4,0,24,118,1,5,3,0.27,0.3,0.433,0.733
Josh Donaldson,TOR,3B,155,577,122,164,32,5,37,99,7,1,109,119,2,3,9,0.284,0.404,0.549,0.953
Denard Span,SF,OF,143,572,70,152,23,5,11,53,12,7,53,79,6,2,4,0.266,0.331,0.381,0.712
Justin Upton,DET,OF,153,570,81,140,28,2,31,87,9,4,50,179,0,2,4,0.246,0.31,0.465,0.775
Adrian Gonzalez,LAD,1B,156,568,69,162,31,0,18,90,0,2,55,117,0,6,4,0.285,0.349,0.435,0.784
Marcus Semien,OAK,SS,159,568,72,135,27,2,27,75,10,2,51,139,1,1,0,0.238,0.3,0.435,0.735
Anthony Rendon,WAS,3B,156,567,91,153,38,2,20,85,12,6,65,117,0,8,7,0.27,0.348,0.45,0.798
Chris Davis,BAL,1B,157,566,99,125,21,0,38,84,1,0,88,219,0,3,8,0.221,0.332,0.459,0.791
Jose Ramirez,CLE,3B,152,565,84,176,46,3,11,76,22,7,44,62,1,4,4,0.312,0.363,0.462,0.825
Eugenio Suarez,CIN,3B,159,565,78,140,25,2,21,70,11,5,51,155,0,3,8,0.248,0.317,0.411,0.728
Didi Gregorius,NYY,SS,153,562,68,155,32,2,20,70,7,1,19,82,5,5,6,0.276,0.304,0.447,0.751
Jackie Bradley Jr.,BOS,OF,156,558,94,149,30,7,26,87,9,2,63,143,0,5,10,0.267,0.349,0.486,0.835
Kendrys Morales,KC,DH,154,558,65,147,24,0,30,93,0,0,48,120,0,5,7,0.263,0.327,0.468,0.795
Marcell Ozuna,MIA,OF,148,557,75,148,23,6,23,76,0,3,43,115,0,4,4,0.266,0.321,0.452,0.773
Mike Napoli,CLE,1B,150,557,92,133,22,1,34,101,5,1,78,194,0,5,5,0.239,0.335,0.465,0.8
Joey Votto,CIN,1B,158,556,101,181,34,2,29,97,8,1,108,120,0,8,5,0.326,0.434,0.55,0.984
Justin Turner,LAD,3B,151,556,79,153,34,3,27,90,4,1,48,107,0,8,10,0.275,0.339,0.493,0.832
Khris Davis,OAK,DH,150,555,85,137,24,2,42,102,1,2,42,166,0,5,8,0.247,0.307,0.524,0.831
Victor Martinez,DET,DH,154,553,65,160,22,0,27,86,0,0,50,90,0,3,4,0.289,0.351,0.476,0.827
Brandon Crawford,SF,SS,155,553,67,152,28,11,12,84,7,0,57,115,0,9,4,0.275,0.342,0.43,0.772
Adam Duvall,CIN,OF,150,552,85,133,31,6,33,103,6,5,41,164,0,8,6,0.241,0.297,0.498,0.795
DJ LeMahieu,COL,2B,146,552,104,192,32,8,11,66,11,7,66,80,8,6,3,0.348,0.416,0.495,0.911
Jacoby Ellsbury,NYY,OF,148,551,71,145,24,5,9,56,20,8,54,84,4,3,2,0.263,0.33,0.374,0.704
Brandon Phillips,CIN,2B,141,550,74,160,34,1,11,64,14,8,18,68,2,6,8,0.291,0.32,0.416,0.736
Chris Carter,MIL,1B,160,549,84,122,27,1,41,94,3,1,76,206,0,10,9,0.222,0.321,0.499,0.82
Mike Trout,LAA,OF,159,549,123,173,32,5,29,100,30,7,116,137,0,5,11,0.315,0.441,0.55,0.991
Hanley Ramirez,BOS,1B,147,549,81,157,28,1,30,111,9,3,60,120,0,4,7,0.286,0.361,0.505,0.866
Brad Miller,TB,2B,152,548,73,133,29,6,30,81,6,4,47,149,0,3,3,0.243,0.304,0.482,0.786
Kevin Pillar,TOR,OF,146,548,59,146,35,2,7,53,14,6,24,90,3,3,6,0.266,0.303,0.376,0.679
Brett Gardner,NYY,OF,148,547,80,143,22,6,7,41,16,4,70,106,4,5,8,0.261,0.351,0.362,0.713
Cesar Hernandez,PHI,2B,155,547,67,161,14,11,6,39,17,13,66,116,5,2,2,0.294,0.371,0.393,0.764
Curtis Granderson,NYM,OF,150,545,88,129,24,5,30,59,4,2,74,130,0,5,9,0.237,0.335,0.464,0.799
Brandon Belt,SF,1B,156,542,77,149,41,8,17,82,0,4,104,148,0,4,5,0.275,0.394,0.474,0.868
Buster Posey,SF,C,146,539,82,155,33,2,14,80,6,1,64,68,0,8,3,0.288,0.362,0.434,0.796
David Ortiz,BOS,DH,151,537,79,169,48,1,38,127,2,0,80,86,0,7,2,0.315,0.401,0.62,1.021
Yadier Molina,STL,C,147,534,56,164,38,1,8,58,3,2,39,63,0,2,6,0.307,0.36,0.427,0.787
Adonis Garcia,ATL,3B,134,532,65,145,29,0,14,65,3,2,24,93,0,0,6,0.273,0.311,0.406,0.717
Daniel Murphy,WAS,2B,142,531,88,184,47,5,25,104,5,3,35,57,0,8,8,0.347,0.39,0.595,0.985
Jason Heyward,CHC,OF,142,530,61,122,27,1,7,49,11,4,54,93,1,2,5,0.23,0.306,0.325,0.631
Yasmany Tomas,ARI,OF,140,530,72,144,30,1,31,83,2,4,31,136,0,1,1,0.272,0.313,0.508,0.821
Gregory Polanco,PIT,OF,144,527,79,136,34,4,22,86,17,6,53,119,1,6,0,0.258,0.323,0.463,0.786
Addison Russell,CHC,SS,151,525,67,125,25,3,21,95,5,1,55,135,0,6,12,0.238,0.321,0.417,0.738
Jayson Werth,WAS,OF,143,525,84,128,28,0,21,69,5,1,71,139,0,6,4,0.244,0.335,0.417,0.752
Jake Lamb,ARI,3B,151,523,81,130,31,9,29,91,6,1,64,154,0,4,3,0.249,0.332,0.509,0.841
Ben Zobrist,CHC,2B,147,523,94,142,31,3,18,76,6,4,96,82,4,4,4,0.272,0.386,0.446,0.832
Ender Inciarte,ATL,OF,131,522,85,152,24,7,3,29,16,7,45,68,5,2,4,0.291,0.351,0.381,0.732
Asdrubal Cabrera,NYM,2B,141,521,65,146,30,1,23,62,5,1,38,103,0,2,7,0.28,0.336,0.474,0.81
Jordy Mercer,PIT,SS,149,519,66,133,22,3,11,59,1,1,51,83,7,2,5,0.256,0.328,0.374,0.702
Leonys Martin,SEA,OF,143,518,72,128,17,3,15,47,24,6,44,149,4,7,3,0.247,0.306,0.378,0.684
Yunel Escobar,LAA,3B,132,517,68,157,28,1,5,39,0,3,40,67,3,4,3,0.304,0.355,0.391,0.746
Danny Espinosa,WAS,2B,157,516,66,108,15,0,24,72,9,2,54,174,7,4,20,0.209,0.306,0.378,0.684
Nomar Mazara,TEX,OF,145,516,59,137,13,3,20,64,0,2,39,112,0,7,6,0.266,0.32,0.419,0.739
Salvador Perez,KC,C,139,514,57,127,28,2,22,64,0,0,22,119,0,2,8,0.247,0.288,0.438,0.726
Chase Utley,LAD,2B,138,512,79,129,26,3,14,52,2,2,40,115,1,1,11,0.252,0.319,0.396,0.715
Ryan Braun,MIL,OF,135,511,80,156,23,3,30,91,16,5,46,98,0,3,4,0.305,0.365,0.538,0.903
Logan Forsythe,TB,2B,127,511,76,135,24,4,20,52,6,6,46,127,0,2,8,0.264,0.333,0.444,0.777
Corey Dickerson,TB,OF,148,510,57,125,36,3,24,70,0,2,33,134,0,2,2,0.245,0.293,0.469,0.762
J.T. Realmuto,MIA,C,137,509,60,154,31,0,11,48,12,4,28,100,0,3,5,0.303,0.343,0.428,0.771
Adeiny Hechavarria,MIA,SS,155,508,52,120,17,6,3,38,1,0,33,73,2,3,1,0.236,0.283,0.311,0.594
Bryce Harper,WAS,OF,147,506,84,123,24,2,24,86,21,10,108,117,0,10,3,0.243,0.373,0.441,0.814
Elvis Andrus,TEX,SS,147,506,75,153,31,7,8,69,24,8,47,70,4,7,4,0.302,0.362,0.439,0.801
Scooter Gennett,MIL,2B,136,498,58,131,30,1,14,56,8,1,38,114,1,2,2,0.263,0.317,0.412,0.729
Angel Pagan,SF,OF,129,495,71,137,24,5,12,55,15,4,42,66,0,3,0,0.277,0.331,0.418,0.749
Joe Mauer,MIN,1B,134,494,68,129,22,4,11,49,2,0,79,93,0,2,1,0.261,0.363,0.389,0.752
Troy Tulowitzki,TOR,SS,131,492,54,125,21,0,24,79,1,0,43,101,0,4,5,0.254,0.318,0.443,0.761
Michael Saunders,TOR,OF,140,490,70,124,32,3,24,57,1,2,59,157,1,3,5,0.253,0.338,0.478,0.816
Stephen Vogt,OAK,C,137,490,54,123,30,2,14,56,0,0,35,83,0,3,4,0.251,0.305,0.406,0.711
Starling Marte,PIT,OF,129,489,71,152,34,5,9,46,47,12,23,104,1,0,16,0.311,0.362,0.456,0.818
Josh Harrison,PIT,2B,131,487,57,138,25,7,4,59,19,4,18,76,4,8,5,0.283,0.311,0.388,0.699
Howie Kendrick,LAD,2B,146,487,65,124,26,2,8,40,10,2,50,96,0,3,3,0.255,0.326,0.366,0.692
Marwin Gonzalez,HOU,SS,141,484,55,123,26,3,13,51,12,6,22,118,6,1,5,0.254,0.293,0.401,0.694
Wilson Ramos,WAS,C,131,482,58,148,25,0,22,80,0,0,35,79,0,4,2,0.307,0.354,0.496,0.85
Yonder Alonso,OAK,1B,156,482,52,122,34,0,7,56,3,1,45,74,0,4,1,0.253,0.316,0.367,0.683
Travis Shaw,BOS,2B,145,480,63,116,34,2,16,71,5,1,43,133,0,4,3,0.242,0.306,0.421,0.727
Yoenis Cespedes,NYM,OF,132,479,72,134,25,1,31,86,3,1,51,108,0,6,7,0.28,0.354,0.53,0.884
Cheslor Cuthbert,KC,3B,128,475,49,130,28,1,12,46,2,0,32,96,1,2,0,0.274,0.318,0.413,0.731
Matt Carpenter,STL,1B,129,473,81,128,36,6,21,68,0,4,81,108,3,4,5,0.271,0.38,0.505,0.885
Danny Valencia,OAK,3B,130,471,72,135,22,1,17,51,1,1,41,115,0,2,3,0.287,0.346,0.446,0.792
Chase Headley,NYY,3B,140,467,58,118,18,1,14,51,8,2,51,118,0,5,6,0.253,0.331,0.385,0.716
Jose Iglesias,DET,SS,137,467,57,119,26,0,4,32,7,4,28,50,7,3,8,0.255,0.306,0.336,0.642
Zack Cozart,CIN,3B,121,464,67,117,28,2,16,50,4,1,37,84,1,4,2,0.252,0.308,0.425,0.733
Joe Panik,SF,2B,127,464,67,111,21,7,10,62,5,0,50,47,3,5,4,0.239,0.315,0.379,0.694
Brandon Drury,ARI,3B,134,461,59,130,31,1,16,53,1,1,31,100,0,4,3,0.282,0.329,0.458,0.787
Mitch Moreland,TEX,1B,147,460,49,107,21,0,22,60,1,0,35,118,0,0,8,0.233,0.298,0.422,0.72
J.D. Martinez,DET,OF,120,460,69,141,35,2,22,68,1,2,49,128,0,5,3,0.307,0.373,0.535,0.908
Paulo Orlando,KC,OF,128,457,52,138,24,4,5,43,14,3,13,105,3,3,7,0.302,0.329,0.405,0.734
Dexter Fowler,CHC,OF,125,456,84,126,25,7,13,48,13,4,79,124,1,4,11,0.276,0.393,0.447,0.84
Russell Martin,TOR,C,137,455,62,105,16,0,20,74,2,1,64,148,1,5,10,0.231,0.335,0.398,0.733
Rajai Davis,CLE,OF,134,454,74,113,23,2,12,48,43,6,33,106,1,2,5,0.249,0.306,0.388,0.694
Andrelton Simmons,LAA,SS,124,448,48,126,22,2,4,44,10,1,28,38,1,4,2,0.281,0.324,0.366,0.69
Evan Gattis,HOU,DH,128,447,58,112,19,0,32,72,2,1,43,127,0,5,4,0.251,0.319,0.508,0.827
Randal Grichuk,STL,OF,132,446,66,107,29,3,24,68,5,4,28,141,0,1,3,0.24,0.289,0.48,0.769
Alex Gordon,KC,OF,128,445,62,98,16,2,17,40,8,1,52,148,0,1,8,0.22,0.312,0.38,0.692
David Freese,PIT,3B,141,437,63,118,23,0,13,55,0,0,45,142,0,0,10,0.27,0.352,0.412,0.764
Chris Owings,ARI,OF,119,437,52,121,24,11,5,49,21,2,20,87,2,2,5,0.277,0.315,0.416,0.731
Miguel Sano,MIN,3B,116,437,57,103,22,1,25,66,1,0,54,178,0,3,1,0.236,0.319,0.462,0.781
Ketel Marte,SEA,2B,119,437,55,113,21,2,1,33,11,5,18,84,3,6,2,0.259,0.287,0.323,0.61
Steven Souza,TB,OF,120,430,58,106,17,1,17,49,7,6,31,159,0,2,5,0.247,0.303,0.409,0.712
Brian McCann,NYY,C,130,429,56,104,13,0,20,58,1,0,54,99,0,2,7,0.242,0.335,0.413,0.748
Ryan Zimmerman,WAS,1B,115,427,60,93,18,1,15,46,4,1,29,104,0,6,5,0.218,0.272,0.37,0.642
Matt Wieters,BAL,C,124,423,48,103,17,1,17,66,1,0,32,85,1,3,5,0.243,0.302,0.409,0.711
Jose Bautista,TOR,3B,116,423,68,99,24,1,22,69,2,2,87,103,0,4,3,0.234,0.366,0.452,0.818
Alexei Ramirez,SD,SS,128,421,33,101,19,2,5,41,6,9,17,56,0,2,4,0.24,0.275,0.33,0.605
Javier Baez,CHC,SS,142,421,50,115,19,1,14,59,12,3,15,108,1,2,11,0.273,0.314,0.423,0.737
Norichika Aoki,SEA,OF,118,417,63,118,24,4,4,28,7,9,34,45,5,1,9,0.283,0.349,0.388,0.737
Welington Castillo,ARI,C,113,416,41,110,24,0,14,68,2,0,33,121,0,4,4,0.264,0.322,0.423,0.745
Derek Norris,SD,C,125,415,50,77,17,0,14,42,9,2,36,139,0,3,4,0.186,0.255,0.328,0.583
Brandon Moss,STL,DH,128,413,66,93,19,2,28,67,1,0,39,141,0,5,7,0.225,0.3,0.484,0.784
Giancarlo Stanton,MIA,OF,119,413,56,99,20,1,27,74,0,0,50,140,0,2,4,0.24,0.326,0.489,0.815
Avisail Garcia,CWS,OF,120,413,59,101,18,2,12,51,4,4,34,115,0,2,4,0.245,0.307,0.385,0.692
Neil Walker,NYM,2B,113,412,57,116,9,1,23,55,3,1,42,84,0,3,1,0.282,0.347,0.476,0.823
Billy Hamilton,CIN,OF,119,411,69,107,19,3,3,17,58,8,36,93,11,1,1,0.26,0.321,0.343,0.664
Nicholas Castellanos,DET,OF,110,411,54,117,25,4,18,58,1,1,28,111,0,5,3,0.285,0.331,0.496,0.827
Tim Anderson,CWS,SS,99,410,57,116,22,6,9,30,10,2,13,117,6,1,1,0.283,0.306,0.432,0.738
Devon Travis,TOR,2B,101,410,54,123,28,1,11,50,4,1,20,87,1,1,0,0.3,0.332,0.454,0.786
Matt Kemp,SD,OF,100,409,54,107,24,0,23,69,0,0,16,100,0,6,0,0.262,0.285,0.489,0.774
C.J. Cron,LAA,1B,116,407,51,113,25,2,16,69,2,3,24,75,0,5,7,0.278,0.325,0.467,0.792
Joc Pederson,LAD,OF,137,406,64,100,26,0,25,68,6,2,63,130,1,2,4,0.246,0.352,0.495,0.847
J.J. Hardy,BAL,SS,115,405,43,109,29,0,9,48,0,0,26,68,1,6,0,0.269,0.309,0.407,0.716
Yangervis Solarte,SD,2B,109,405,55,116,26,1,15,71,1,1,30,63,0,3,5,0.286,0.341,0.467,0.808
Hernan Perez,MIL,2B,123,404,50,110,18,3,13,56,34,7,18,94,3,4,1,0.272,0.302,0.428,0.73
Aledmys Diaz,STL,SS,111,404,71,121,28,3,17,65,4,4,41,60,2,6,7,0.3,0.369,0.51,0.879
Adam Lind,SEA,1B,126,401,48,96,17,0,20,58,0,1,26,89,0,2,1,0.239,0.286,0.431,0.717
Jedd Gyorko,STL,3B,128,400,58,97,9,1,30,59,0,0,37,96,0,1,0,0.243,0.306,0.495,0.801
Lorenzo Cain,KC,OF,103,397,56,114,19,1,9,56,14,5,31,84,0,4,2,0.287,0.339,0.408,0.747
Max Kepler,MIN,OF,113,396,52,93,20,2,17,63,6,2,42,93,1,5,3,0.235,0.309,0.424,0.733
Hunter Pence,SF,OF,106,395,58,114,23,1,13,57,1,1,43,95,0,3,1,0.289,0.357,0.451,0.808
Mark Reynolds,COL,1B,118,393,61,111,24,0,14,53,1,2,42,112,0,2,4,0.282,0.356,0.45,0.806
Coco Crisp,OAK,OF,102,393,45,92,24,4,11,47,7,5,37,65,2,2,0,0.234,0.299,0.399,0.698
Yasmani Grandal,LAD,C,126,390,49,89,14,1,27,72,1,3,64,116,0,1,2,0.228,0.339,0.477,0.816
Cameron Rupp,PHI,C,105,389,36,98,26,1,16,54,1,0,24,114,0,1,5,0.252,0.303,0.447,0.75
Mark Teixeira,NYY,1B,116,387,43,79,16,0,15,44,2,0,47,105,0,2,2,0.204,0.292,0.362,0.654
Lonnie Chisenhall,CLE,OF,126,385,43,110,25,5,8,57,6,0,23,70,3,4,3,0.286,0.328,0.439,0.767
Matt Holliday,STL,OF,110,382,48,94,20,1,20,62,0,0,35,71,0,1,8,0.246,0.322,0.461,0.783
John Jaso,PIT,1B,132,380,45,102,25,3,8,42,0,4,45,74,1,1,5,0.268,0.353,0.413,0.766
Seth Smith,SEA,OF,137,378,62,94,15,0,16,63,0,0,48,89,0,4,8,0.249,0.342,0.415,0.757
Tucker Barnhart,CIN,C,115,377,34,97,23,1,7,51,1,0,36,72,2,3,2,0.257,0.323,0.379,0.702
Trevor Story,COL,SS,97,372,67,101,21,4,27,72,8,5,35,130,2,1,5,0.272,0.341,0.567,0.908
Eduardo Nunez,MIN,2B,91,371,49,110,15,1,12,47,27,6,15,58,2,5,3,0.296,0.325,0.439,0.764
Jay Bruce,CIN,1B,97,370,60,98,22,6,25,80,4,2,27,83,0,3,2,0.265,0.316,0.559,0.875
Colby Rasmus,HOU,OF,107,369,38,76,10,0,15,54,4,1,43,121,1,4,0,0.206,0.286,0.355,0.641
Gerardo Parra,COL,OF,102,368,45,93,27,3,7,39,6,4,9,73,1,2,1,0.253,0.271,0.399,0.67
Kevin Kiermaier,TB,OF,105,366,55,90,20,2,12,37,21,3,40,74,0,1,7,0.246,0.331,0.41,0.741
Carlos Beltran,NYY,OF,99,359,50,109,21,0,22,64,0,0,22,70,0,4,2,0.304,0.344,0.546,0.89
Peter Bourjos,PHI,OF,123,355,40,89,20,7,5,23,6,4,17,91,6,1,4,0.251,0.292,0.389,0.681
Logan Morrison,TB,1B,107,353,45,84,18,1,14,43,4,2,37,89,0,2,6,0.238,0.319,0.414,0.733
Eduardo Escobar,MIN,SS,105,352,32,83,14,2,6,37,1,3,21,72,2,1,1,0.236,0.28,0.338,0.618
Brett Lawrie,CWS,2B,94,351,35,87,22,0,12,36,7,3,30,109,0,1,2,0.248,0.31,0.413,0.723
Derek Dietrich,MIA,1B,128,351,39,98,20,5,7,42,1,0,32,84,0,5,24,0.279,0.374,0.425,0.799
Jace Peterson,ATL,3B,115,350,45,89,16,1,7,29,5,5,52,69,2,3,1,0.254,0.35,0.366,0.716
Ben Revere,WAS,OF,103,350,44,76,9,7,2,24,14,5,18,34,2,2,3,0.217,0.26,0.3,0.56
Cameron Maybin,DET,OF,94,349,65,110,14,5,4,43,15,6,36,69,2,1,3,0.315,0.383,0.418,0.801
Jon Jay,SD,OF,90,347,49,101,26,1,2,26,2,0,19,78,1,0,6,0.291,0.339,0.389,0.728
Johnny Giavotella,LAA,2B,99,346,44,90,20,1,6,31,4,3,13,39,4,3,1,0.26,0.287,0.376,0.663
Kurt Suzuki,MIN,C,106,345,34,89,24,1,8,49,0,0,18,48,1,4,5,0.258,0.301,0.403,0.704
B.J. Upton,SD,OF,92,344,46,88,11,2,16,45,20,5,23,106,1,3,2,0.256,0.304,0.439,0.743
James McCann,DET,C,105,344,31,76,9,1,12,48,0,1,23,109,1,3,2,0.221,0.272,0.358,0.63
James Loney,NYM,1B,100,343,30,91,16,1,9,34,0,0,16,37,1,1,5,0.265,0.307,0.397,0.704
Jonathan Lucroy,MIL,C,95,338,48,101,17,3,13,50,5,0,33,70,0,4,1,0.299,0.359,0.482,0.841
Jed Lowrie,OAK,2B,87,338,30,89,12,1,2,27,0,0,26,65,0,4,1,0.263,0.314,0.322,0.636
Pedro Alvarez,BAL,DH,109,337,43,84,20,0,22,49,1,0,37,97,0,2,0,0.249,0.322,0.504,0.826
Eddie Rosario,MIN,OF,92,335,52,90,17,2,10,32,5,2,12,91,2,3,2,0.269,0.295,0.421,0.716
Travis Jankowski,SD,OF,131,335,53,82,13,2,2,12,30,12,42,100,3,0,2,0.245,0.332,0.313,0.645
Kirk Nieuwenhuis,MIL,OF,125,335,38,70,18,1,13,44,8,9,56,133,0,0,1,0.209,0.324,0.385,0.709
Erick Aybar,ATL,SS,97,335,27,81,14,2,2,26,3,5,20,59,3,4,6,0.242,0.293,0.313,0.606
Yasiel Puig,LAD,OF,104,334,45,88,14,2,11,45,5,2,24,74,0,3,7,0.263,0.323,0.416,0.739
Robbie Grossman,MIN,OF,99,332,49,93,19,1,11,37,2,3,55,96,0,0,2,0.28,0.386,0.443,0.829
Ryan Howard,PHI,1B,112,331,35,65,10,0,25,59,0,1,27,114,0,3,1,0.196,0.257,0.453,0.71
Michael Bourn,ARI,OF,89,329,43,86,12,6,3,30,13,5,22,83,6,1,0,0.261,0.307,0.362,0.669
Jason Castro,HOU,C,113,329,41,69,16,3,11,32,2,1,45,123,1,0,1,0.21,0.307,0.377,0.684
Aaron Hicks,NYY,OF,123,327,32,71,13,1,8,31,3,4,30,68,1,3,0,0.217,0.281,0.336,0.617
Ichiro Suzuki,MIA,OF,143,327,48,95,15,5,1,22,10,2,30,42,3,2,3,0.291,0.354,0.376,0.73
Prince Fielder,TEX,DH,89,326,29,69,16,0,8,44,0,0,32,63,0,5,7,0.212,0.292,0.334,0.626
Francisco Cervelli,PIT,C,101,326,42,86,14,1,1,33,6,2,56,72,0,5,6,0.264,0.377,0.322,0.699
Dee Gordon,MIA,2B,79,325,47,87,7,6,1,14,30,7,18,55,1,1,0,0.268,0.305,0.335,0.64
Tyler Naquin,CLE,OF,116,321,52,95,18,5,14,43,6,3,36,112,2,2,4,0.296,0.372,0.514,0.886
Trevor Plouffe,MIN,3B,84,319,35,83,13,1,12,47,1,0,19,60,1,3,2,0.26,0.303,0.42,0.723
Jung Ho Kang,PIT,3B,103,318,45,81,19,0,21,62,3,1,36,79,0,2,14,0.255,0.354,0.513,0.867
Tommy Joseph,PHI,1B,107,315,47,81,15,0,21,47,1,1,22,75,0,6,4,0.257,0.308,0.505,0.813
Kolten Wong,STL,2B,121,313,39,75,7,7,5,23,7,0,34,52,0,5,9,0.24,0.327,0.355,0.682
Whit Merrifield,KC,2B,81,311,44,88,22,3,2,29,8,3,19,72,1,1,0,0.283,0.323,0.392,0.715
Wilmer Flores,NYM,1B,103,307,38,82,14,0,16,49,1,1,23,48,0,3,2,0.267,0.319,0.469,0.788
Trea Turner,WAS,SS,73,307,53,105,14,8,13,40,33,6,14,59,0,2,1,0.342,0.37,0.567,0.937
Hyun Soo Kim,BAL,OF,95,305,36,92,16,1,6,22,1,3,36,51,0,1,4,0.302,0.382,0.42,0.802
Michael Conforto,NYM,OF,109,304,38,67,21,1,12,42,2,1,36,89,0,3,5,0.22,0.31,0.414,0.724
Sean Rodriguez,PIT,2B,140,300,49,81,16,1,18,56,2,1,33,102,1,3,5,0.27,0.349,0.51,0.859
Jarrod Dyson,KC,OF,107,299,46,83,14,8,1,25,30,7,26,39,8,1,3,0.278,0.34,0.388,0.728
Justin Smoak,TOR,1B,126,299,33,65,10,0,14,34,1,0,40,112,0,0,2,0.217,0.314,0.391,0.705
Byron Buxton,MIN,OF,92,298,44,67,19,6,10,38,10,2,23,118,4,3,3,0.225,0.284,0.43,0.714
Tyler Saladino,CWS,SS,93,298,33,84,14,0,8,38,11,5,13,62,2,3,3,0.282,0.315,0.409,0.724
Matt Adams,STL,1B,118,297,37,74,18,0,16,54,0,1,25,81,0,3,2,0.249,0.309,0.471,0.78
Carlos Gomez,HOU,OF,85,295,27,62,16,1,5,29,13,2,21,100,3,0,4,0.21,0.272,0.322,0.594
Chris Iannetta,SEA,C,94,295,23,62,14,0,7,24,0,0,38,83,1,2,2,0.21,0.303,0.329,0.632
Luis Valbuena,HOU,3B,90,292,38,76,17,1,13,40,1,1,44,81,3,2,1,0.26,0.357,0.459,0.816
Dae-Ho Lee,SEA,1B,104,292,33,74,9,0,14,49,0,0,20,74,0,0,5,0.253,0.312,0.428,0.74
Brock Holt,BOS,2B,94,290,45,74,16,0,7,34,4,3,27,58,1,3,3,0.255,0.322,0.383,0.705
Jake Smolinski,OAK,OF,99,290,28,69,6,2,7,27,1,2,19,44,1,2,7,0.238,0.299,0.345,0.644
Nick Hundley,COL,C,83,289,30,75,20,1,10,48,0,0,25,65,1,1,1,0.26,0.32,0.439,0.759
Jhonny Peralta,STL,3B,82,289,37,75,17,1,8,29,0,0,20,56,0,3,1,0.26,0.307,0.408,0.715
Jake Marisnick,HOU,OF,118,287,40,60,18,1,5,21,10,5,16,83,4,1,3,0.209,0.257,0.331,0.588
Nick Ahmed,ARI,SS,90,284,26,62,9,1,4,20,5,2,15,58,2,3,4,0.218,0.265,0.299,0.564
Tyler Flowers,ATL,C,83,281,27,76,18,0,8,41,0,0,29,91,0,4,11,0.27,0.357,0.42,0.777
Justin Bour,MIA,1B,90,280,35,74,12,1,15,51,0,0,38,56,0,3,0,0.264,0.349,0.475,0.824
Darwin Barney,TOR,2B,104,279,35,75,13,2,4,19,2,2,22,48,2,2,1,0.269,0.322,0.373,0.695
Ryan Schimpf,SD,3B,89,276,48,60,17,5,20,51,1,1,42,105,0,3,9,0.217,0.336,0.533,0.869
Billy Burns,OAK,OF,73,274,32,64,11,4,0,12,14,3,10,30,3,1,4,0.234,0.27,0.303,0.573
Jurickson Profar,TEX,SS,90,272,35,65,6,3,5,20,2,1,30,61,2,0,3,0.239,0.321,0.338,0.659
Dioner Navarro,CWS,C,85,271,25,57,13,2,6,32,1,2,20,63,2,3,2,0.21,0.267,0.339,0.606
Ezequiel Carrera,TOR,OF,110,270,47,67,9,1,6,23,7,4,27,70,7,2,4,0.248,0.323,0.356,0.679
Ryon Healy,OAK,1B,72,269,36,82,20,0,13,37,0,0,12,60,1,0,1,0.305,0.337,0.524,0.861
Carlos Perez,LAA,C,87,268,25,56,16,0,5,31,1,0,12,49,8,2,1,0.209,0.244,0.325,0.569
Jefry Marte,LAA,1B,88,258,38,65,14,0,15,44,2,2,18,59,0,3,5,0.252,0.31,0.481,0.791
Joey Rickard,BAL,OF,85,257,32,69,13,0,5,19,4,1,18,54,3,2,2,0.268,0.319,0.377,0.696
Jeff Francoeur,ATL,OF,99,257,29,64,13,0,7,33,2,0,16,75,0,3,0,0.249,0.29,0.381,0.671
Scott Schebler,CIN,OF,82,257,36,68,12,2,9,40,2,4,19,59,0,0,6,0.265,0.33,0.432,0.762
Matt Duffy,SF,3B,70,257,32,65,11,2,4,21,8,4,20,40,2,3,4,0.253,0.313,0.358,0.671
Jose Reyes,NYM,SS,60,255,45,68,13,4,8,24,9,2,23,49,0,1,0,0.267,0.326,0.443,0.769
Aaron Hill,MIL,2B,78,254,34,72,11,0,8,29,4,2,30,43,0,4,2,0.283,0.359,0.421,0.78
Alex Dickerson,SD,OF,84,253,39,65,16,2,10,37,5,1,26,44,0,2,4,0.257,0.333,0.455,0.788
Willson Contreras,CHC,C,76,252,33,71,14,1,12,35,2,2,26,67,0,1,4,0.282,0.357,0.488,0.845
Sandy Leon,BOS,C,78,252,36,78,17,2,7,35,0,0,23,66,4,2,2,0.31,0.369,0.476,0.845
Travis d'Arnaud,NYM,C,75,251,27,62,7,0,4,15,0,0,19,50,2,1,3,0.247,0.307,0.323,0.63
Yan Gomes,CLE,C,74,251,22,42,11,1,9,34,0,0,9,69,0,2,2,0.167,0.201,0.327,0.528
Daniel Descalso,COL,2B,99,250,38,66,12,2,8,38,3,0,34,56,0,4,1,0.264,0.349,0.424,0.773
Ramon Flores,MIL,OF,104,249,18,51,8,0,2,19,3,0,31,58,3,4,2,0.205,0.294,0.261,0.555
Tyler White,HOU,1B,86,249,24,54,16,0,8,28,1,0,23,65,0,2,2,0.217,0.286,0.378,0.664
Franklin Gutierrez,SEA,OF,98,248,33,61,9,0,14,39,1,0,29,85,0,3,3,0.246,0.329,0.452,0.781
A.J. Pierzynski,ATL,C,81,247,15,54,15,0,2,23,1,0,6,29,0,3,3,0.219,0.243,0.304,0.547
Jarrod Saltalamacchia,DET,C,92,246,30,42,5,1,12,38,0,0,41,104,0,5,0,0.171,0.284,0.346,0.63
Domingo Santana,MIL,OF,77,246,34,63,14,0,11,32,2,3,32,91,0,1,2,0.256,0.345,0.447,0.792
Jorge Polanco,MIN,SS,69,245,24,69,15,4,4,27,4,3,17,46,2,3,3,0.282,0.332,0.424,0.756
Josh Reddick,OAK,OF,68,243,33,72,11,1,8,28,5,0,28,34,0,1,0,0.296,0.368,0.449,0.817
Chris Johnson,MIA,3B,113,243,20,54,11,0,5,24,0,0,19,78,1,0,1,0.222,0.281,0.329,0.61
Miguel Montero,CHC,C,86,241,33,52,8,1,8,33,1,0,38,58,0,2,3,0.216,0.327,0.357,0.684
Jose Peraza,CIN,SS,72,241,25,78,8,2,3,25,21,10,7,33,0,3,5,0.324,0.352,0.411,0.763
Gregor Blanco,SF,OF,106,241,28,54,10,4,1,18,6,3,29,51,1,1,1,0.224,0.309,0.311,0.62
Gordon Beckham,ATL,2B,85,240,25,52,16,1,5,30,1,0,26,50,0,3,4,0.217,0.3,0.354,0.654
Ryan Rua,TEX,OF,99,240,40,62,8,1,8,22,9,0,21,76,0,2,6,0.258,0.331,0.4,0.731
Juan Uribe,CLE,3B,73,238,19,49,9,0,7,25,0,0,15,49,0,3,3,0.206,0.259,0.332,0.591
Trayce Thompson,LAD,OF,80,236,31,53,11,0,13,32,5,1,26,66,0,0,0,0.225,0.302,0.436,0.738
Alejandro De Aza,NYM,OF,130,234,31,48,9,0,6,25,4,3,26,67,1,1,5,0.205,0.297,0.321,0.618
Chase d'Arnaud,ATL,2B,84,233,24,57,14,2,1,21,9,3,23,50,0,3,3,0.245,0.317,0.335,0.652
Danny Santana,MIN,OF,75,233,29,56,10,2,2,14,12,9,12,55,1,1,1,0.24,0.279,0.326,0.605
Matt Joyce,PIT,OF,140,231,45,56,10,1,13,42,1,1,59,67,0,0,3,0.242,0.403,0.463,0.866
Jorge Soler,CHC,OF,86,227,37,54,9,0,12,31,0,0,31,66,0,3,3,0.238,0.333,0.436,0.769
Curt Casali,TB,C,84,226,23,42,10,0,8,25,0,0,25,82,3,0,2,0.186,0.273,0.336,0.609
Cristhian Adames,COL,SS,121,225,25,49,7,3,2,17,2,3,24,47,3,0,4,0.218,0.304,0.302,0.606
Alex Rodriguez,NYY,DH,65,225,19,45,7,0,9,31,3,0,14,67,0,3,1,0.2,0.247,0.351,0.598
J.B. Shuck,CWS,OF,81,224,27,46,5,2,4,14,3,3,12,21,3,1,1,0.205,0.248,0.299,0.547
Ryan Raburn,COL,OF,113,223,30,49,10,2,9,30,0,0,28,80,0,3,2,0.22,0.309,0.404,0.713
David Dahl,COL,OF,63,222,42,70,12,4,7,24,5,0,15,59,0,0,0,0.315,0.359,0.5,0.859
Billy Butler,OAK,1B,85,221,24,61,16,0,4,31,0,0,19,34,0,2,0,0.276,0.331,0.403,0.734
Ivan De Jesus,CIN,SS,104,221,21,56,10,0,1,20,3,1,17,51,2,1,2,0.253,0.311,0.312,0.623
Michael Taylor,WAS,OF,76,221,28,51,11,0,7,16,14,3,14,77,0,1,1,0.231,0.278,0.376,0.654
Phil Gosselin,ARI,2B,122,220,26,61,12,1,2,13,3,0,15,46,2,2,1,0.277,0.324,0.368,0.692
Brett Wallace,SD,3B,119,217,19,41,10,0,6,20,0,0,29,83,0,1,9,0.189,0.309,0.318,0.627
Enrique Hernandez,LAD,2B,109,216,25,41,8,0,7,18,2,0,28,64,0,0,0,0.19,0.283,0.324,0.607
Byungho Park,MIN,1B,62,215,28,41,9,1,12,24,1,0,21,80,0,3,5,0.191,0.275,0.409,0.684
Matt Kemp,ATL,OF,56,214,35,60,15,0,12,39,1,0,20,56,0,6,1,0.28,0.336,0.519,0.855
Greg Garcia,STL,2B,99,214,33,59,11,0,3,17,1,1,38,50,0,1,4,0.276,0.393,0.369,0.762
Adam Rosales,SD,2B,105,214,37,49,12,3,13,35,4,0,29,88,0,4,1,0.229,0.319,0.495,0.814
Tyler Goeddel,PHI,OF,92,213,17,41,3,3,4,16,3,0,17,52,1,1,2,0.192,0.258,0.291,0.549
Brandon Guyer,TB,OF,63,212,27,51,12,1,7,18,2,1,12,42,1,1,23,0.241,0.347,0.406,0.753
Shawn O'Malley,SEA,SS,89,210,24,48,9,2,2,17,6,2,18,59,1,0,3,0.229,0.299,0.319,0.618
Jett Bandy,LAA,C,70,209,23,49,9,0,8,25,1,0,11,38,3,4,4,0.234,0.281,0.392,0.673
Martin Maldonado,MIL,C,76,208,21,42,7,0,8,21,1,0,35,56,3,1,6,0.202,0.332,0.351,0.683
Keon Broxton,MIL,OF,75,207,28,50,10,1,9,19,23,4,36,88,1,0,0,0.242,0.354,0.43,0.784
Tony Wolters,COL,C,71,205,27,53,15,2,3,30,4,1,21,53,4,0,0,0.259,0.327,0.395,0.722
Gregorio Petit,LAA,2B,89,204,21,50,13,1,2,17,1,1,15,51,2,1,1,0.245,0.299,0.348,0.647
Steve Pearce,TB,1B,60,204,26,63,11,1,10,29,0,3,26,40,0,1,1,0.309,0.388,0.52,0.908
Chris Young,BOS,OF,76,203,29,56,18,0,9,24,4,2,21,50,0,0,3,0.276,0.352,0.498,0.85
Justin Morneau,CWS,DH,58,203,16,53,14,1,6,25,0,0,12,52,0,2,1,0.261,0.303,0.429,0.732
Nolan Reimold,BAL,OF,104,203,25,45,9,1,6,15,1,2,22,62,0,1,1,0.222,0.3,0.365,0.665
Alex Bregman,HOU,SS,49,201,31,53,13,3,8,34,2,0,15,52,0,1,0,0.264,0.313,0.478,0.791
Orlando Arcia,MIL,SS,55,201,21,44,10,3,4,17,8,0,15,47,0,0,0,0.219,0.273,0.358,0.631
Gary Sanchez,NYY,C,53,201,34,60,12,0,20,42,1,0,24,57,0,2,2,0.299,0.376,0.657,1.033
Desmond Jennings,TB,OF,65,200,22,40,7,1,7,20,2,0,21,58,1,1,2,0.2,0.281,0.35,0.631
Jeremy Hazelbaker,STL,OF,114,200,35,47,7,3,12,28,5,2,18,64,4,2,0,0.235,0.295,0.48,0.775
Aaron Altherr,PHI,OF,57,198,23,39,6,0,4,22,7,2,23,69,0,0,6,0.197,0.3,0.288,0.588
Tim Beckham,TB,SS,64,198,25,49,12,5,5,16,2,1,14,67,2,0,1,0.247,0.3,0.434,0.734
Cody Asche,PHI,OF,71,197,22,42,15,0,4,18,3,1,18,54,0,1,2,0.213,0.284,0.35,0.634
Clint Robinson,WAS,1B,104,196,16,46,4,0,5,26,0,0,20,38,1,5,2,0.235,0.305,0.332,0.637
Miguel Rojas,MIA,SS,123,194,27,48,12,0,1,14,2,1,11,27,6,2,1,0.247,0.288,0.325,0.613
Carlos Beltran,TEX,OF,52,193,23,54,12,0,7,29,1,0,13,31,0,0,0,0.28,0.325,0.451,0.776
Christian Bethancourt,SD,C,73,193,20,44,9,0,6,25,1,2,10,56,0,1,0,0.228,0.265,0.368,0.633
Conor Gillaspie,SF,3B,101,191,24,50,8,4,6,25,1,2,12,28,0,1,1,0.262,0.307,0.44,0.747
Andres Blanco,PHI,3B,90,190,26,48,15,1,4,21,2,3,11,41,0,1,7,0.253,0.316,0.405,0.721
Mallex Smith,ATL,OF,72,189,28,45,7,4,3,22,16,8,20,48,3,1,2,0.238,0.316,0.365,0.681
Rene Rivera,NYM,C,65,185,12,41,4,0,6,26,0,0,16,54,1,2,3,0.222,0.291,0.341,0.632
Matt Szczur,CHC,OF,107,185,30,48,9,1,5,24,2,4,13,39,1,0,1,0.259,0.312,0.4,0.712
Rafael Ortega,LAA,OF,66,185,24,43,8,0,1,16,8,3,13,23,3,0,0,0.232,0.283,0.292,0.575
Mikie Mahtook,TB,OF,65,185,16,36,9,0,3,11,0,1,7,68,1,1,2,0.195,0.231,0.292,0.523
Ryan Goins,TOR,2B,77,183,13,34,9,2,3,12,1,1,9,48,3,0,1,0.186,0.228,0.306,0.534
Kelly Johnson,NYM,2B,82,183,17,49,8,0,9,24,3,0,15,40,0,1,2,0.268,0.328,0.459,0.787
Abraham Almonte,CLE,OF,67,182,24,48,20,1,1,22,8,0,8,42,0,3,1,0.264,0.294,0.401,0.695
Eduardo Nunez,SF,2B,50,182,24,49,9,3,4,20,13,4,14,30,0,1,2,0.269,0.327,0.418,0.745
Delino DeShields Jr.,TEX,OF,74,182,36,38,7,0,4,13,8,3,15,54,3,1,2,0.209,0.275,0.313,0.588
Austin Jackson,CWS,OF,54,181,24,46,12,2,0,18,2,1,17,39,2,2,1,0.254,0.318,0.343,0.661
Rickie Weeks,ARI,DH,108,180,29,43,9,1,9,27,5,0,20,54,0,1,4,0.239,0.327,0.45,0.777
Tyler Holt,CIN,OF,106,179,21,42,5,3,0,13,4,3,23,48,3,1,2,0.235,0.327,0.296,0.623
Shin-Soo Choo,TEX,OF,48,178,27,43,7,0,7,17,6,3,25,46,0,0,7,0.242,0.357,0.399,0.756
Juan Centeno,MIN,C,55,176,16,46,12,1,3,25,0,0,12,38,3,0,1,0.261,0.312,0.392,0.704
Nick Franklin,TB,2B,60,174,18,47,10,1,6,26,6,1,12,42,2,0,3,0.27,0.328,0.443,0.771
Andrew Romine,DET,SS,109,174,21,41,5,2,2,16,8,0,13,38,3,0,4,0.236,0.304,0.322,0.626
Trevor Brown,SF,C,75,173,17,41,7,0,5,19,0,1,10,39,0,0,1,0.237,0.283,0.364,0.647
Cliff Pennington,LAA,2B,74,172,18,36,4,2,3,10,1,0,13,55,3,0,0,0.209,0.265,0.308,0.573
Christian Vazquez,BOS,C,57,172,21,39,9,1,1,12,0,0,10,39,0,0,2,0.227,0.277,0.308,0.585
Ramon Cabrera,CIN,C,61,171,11,42,10,0,3,23,1,1,8,30,2,3,1,0.246,0.279,0.357,0.636
David Peralta,ARI,OF,48,171,23,43,9,5,4,15,2,0,8,42,0,1,3,0.251,0.295,0.433,0.728
Alex Avila,CWS,C,57,169,19,36,6,0,7,11,0,0,38,78,0,1,1,0.213,0.359,0.373,0.732
Jay Bruce,NYM,1B,50,169,14,37,5,0,8,19,0,0,17,43,0,0,1,0.219,0.294,0.391,0.685
Mike Aviles,DET,SS,68,167,17,35,5,1,1,6,2,2,9,27,3,0,2,0.21,0.258,0.269,0.527
David Ross,CHC,C,67,166,24,38,6,0,10,32,0,1,30,54,4,5,0,0.229,0.338,0.446,0.784
Carlos Ruiz,PHI,C,48,165,18,43,6,0,3,12,3,1,24,28,0,0,4,0.261,0.368,0.352,0.72
Austin Romine,NYY,C,62,165,17,40,11,0,4,26,1,0,7,31,1,3,0,0.242,0.269,0.382,0.651
Mike Zunino,SEA,C,55,164,16,34,7,0,12,31,0,0,21,65,0,1,6,0.207,0.318,0.47,0.788
Tommy Pham,STL,OF,78,159,26,36,7,0,9,17,2,2,20,71,1,0,3,0.226,0.324,0.44,0.764
Chris Coghlan,OAK,3B,51,158,14,23,5,0,5,14,1,1,13,47,0,0,1,0.146,0.215,0.272,0.487
Ryan Flaherty,BAL,3B,74,157,16,34,7,0,3,15,2,0,17,48,1,1,0,0.217,0.291,0.318,0.609
Ronald Torreyes,NYY,2B,72,155,20,40,7,4,1,12,2,1,10,20,1,1,1,0.258,0.305,0.374,0.679
Josh Reddick,LAD,OF,47,155,20,40,6,0,2,9,3,3,11,22,0,0,0,0.258,0.307,0.335,0.642
Yolmer Sanchez,CWS,3B,53,154,15,32,9,1,4,21,0,1,5,42,2,1,1,0.208,0.236,0.357,0.593
Roberto Perez,CLE,C,61,153,14,28,6,1,3,17,0,0,23,44,5,3,0,0.183,0.285,0.294,0.579
Lucas Duda,NYM,1B,47,153,20,35,7,0,7,23,0,0,15,36,0,2,2,0.229,0.302,0.412,0.714
Kennys Vargas,MIN,1B,47,152,27,35,11,0,10,20,0,0,24,57,0,1,0,0.23,0.333,0.5,0.833
Rob Refsnyder,NYY,OF,58,152,25,38,9,0,0,12,2,1,18,30,0,3,1,0.25,0.328,0.309,0.637
Jonathan Lucroy,TEX,C,47,152,19,42,7,0,11,31,0,0,14,30,0,0,2,0.276,0.345,0.539,0.884
Jimmy Rollins,CWS,SS,41,149,25,33,8,1,2,8,5,2,16,33,0,1,0,0.221,0.295,0.329,0.624
B.J. Upton,TOR,OF,57,148,18,29,4,1,4,16,7,3,14,49,0,3,0,0.196,0.261,0.318,0.579
Tommy La Stella,CHC,3B,74,148,17,40,12,1,2,11,0,1,18,27,0,0,2,0.27,0.357,0.405,0.762
Chris Herrmann,ARI,C,56,148,21,42,5,4,6,28,4,0,16,44,1,1,0,0.284,0.352,0.493,0.845
Christian Colon,KC,2B,54,147,13,34,6,0,1,13,0,1,11,31,1,0,2,0.231,0.294,0.293,0.587
Robinson Chirinos,TEX,C,57,147,21,33,11,0,9,20,0,1,15,44,1,2,5,0.224,0.314,0.483,0.797
Adam Frazier,PIT,2B,66,146,21,44,8,1,2,11,4,1,12,26,0,1,1,0.301,0.356,0.411,0.767
Jimmy Paredes,PHI,OF,76,143,13,31,7,0,4,17,0,1,5,44,1,1,0,0.217,0.242,0.35,0.592
Stephen Drew,WAS,SS,70,143,24,38,11,1,8,21,0,1,16,31,0,4,2,0.266,0.339,0.524,0.863
Juan Lagares,NYM,OF,79,142,15,34,7,2,3,9,4,2,11,27,4,1,2,0.239,0.301,0.38,0.681
Alexi Amarista,SD,2B,65,140,9,36,2,0,0,11,9,2,8,26,1,1,0,0.257,0.295,0.271,0.566
Chris Gimenez,CLE,C,68,139,17,30,4,0,4,11,0,0,10,41,4,1,1,0.216,0.272,0.331,0.603
Chris Heisey,WAS,OF,83,139,18,30,3,1,9,17,0,1,13,44,0,1,2,0.216,0.29,0.446,0.736
A.J. Ellis,LAD,C,53,139,8,27,5,0,1,13,1,1,16,24,3,1,2,0.194,0.285,0.252,0.537
David Wright,NYM,3B,37,137,18,31,8,0,7,14,3,2,26,55,0,0,0,0.226,0.35,0.438,0.788
Tyler Collins,DET,OF,56,136,14,32,2,3,4,15,1,1,13,38,0,1,1,0.235,0.305,0.382,0.687
Adalberto Mondesi,KC,SS,47,135,16,25,1,3,2,13,9,1,6,48,6,0,2,0.185,0.231,0.281,0.512
Preston Tucker,HOU,OF,48,134,11,22,8,1,4,8,0,0,8,40,0,0,2,0.164,0.222,0.328,0.55
Omar Infante,KC,2B,39,134,16,32,9,1,0,11,0,0,9,23,2,4,0,0.239,0.279,0.321,0.6
Caleb Joseph,BAL,C,49,132,7,23,3,0,0,0,0,0,7,28,2,0,0,0.174,0.216,0.197,0.413
Kevin Plawecki,NYM,C,48,132,6,26,6,0,1,11,0,0,17,33,0,0,2,0.197,0.298,0.265,0.563
Yuli Gurriel,HOU,1B,36,130,13,34,7,0,3,15,1,1,5,12,0,1,1,0.262,0.292,0.385,0.677
Daniel Castro,ATL,SS,47,130,8,26,1,0,0,7,1,1,7,24,2,0,0,0.2,0.241,0.208,0.449
Dansby Swanson,ATL,SS,38,129,20,39,7,1,3,17,3,0,13,34,1,2,0,0.302,0.361,0.442,0.803
Josh Bell,PIT,1B,45,128,18,35,8,0,3,19,0,1,21,19,0,3,0,0.273,0.368,0.406,0.774
Bobby Wilson,TEX,C,42,128,11,32,4,0,3,22,0,0,5,33,4,3,1,0.25,0.277,0.352,0.629
Jarrett Parker,SF,OF,63,127,22,30,3,1,5,14,0,1,19,44,0,0,5,0.236,0.358,0.394,0.752
Jeff Mathis,MIA,C,41,126,12,30,4,1,2,15,0,0,4,36,1,0,1,0.238,0.267,0.333,0.6
Aaron Hill,BOS,2B,47,124,14,27,3,0,2,9,0,0,11,16,0,0,1,0.218,0.287,0.29,0.577
Hank Conger,TB,C,49,124,6,24,5,0,3,10,0,0,12,40,1,0,0,0.194,0.265,0.306,0.571
Drew Butera,KC,C,56,123,18,35,10,1,4,16,0,0,8,36,2,0,0,0.285,0.328,0.48,0.808
AJ Reed,HOU,1B,45,122,11,20,3,0,3,8,0,0,18,48,0,1,0,0.164,0.27,0.262,0.532
Kelly Johnson,ATL,2B,49,121,8,26,6,0,1,10,1,0,10,25,0,1,0,0.215,0.273,0.289,0.562
Tony Kemp,HOU,OF,59,120,15,26,4,3,1,7,2,1,14,27,1,1,0,0.217,0.296,0.325,0.621
Daniel Nava,LAA,OF,45,119,10,28,5,0,1,13,0,0,9,26,0,3,5,0.235,0.309,0.303,0.612
Luke Maile,TB,C,42,119,10,27,7,0,3,15,0,0,4,36,3,0,0,0.227,0.252,0.361,0.613
Josh Thole,TOR,C,50,118,7,20,3,0,1,7,0,0,13,28,2,2,1,0.169,0.254,0.22,0.474
Carlos Gomez,TEX,OF,33,116,18,33,6,0,8,24,5,3,13,36,0,0,1,0.284,0.362,0.543,0.905
Alex Presley,MIL,OF,47,116,12,23,2,0,3,11,0,2,11,25,0,1,1,0.198,0.271,0.293,0.564
Marlon Byrd,CLE,OF,34,115,11,31,6,0,5,19,0,0,11,38,0,3,0,0.27,0.326,0.452,0.778
Max Muncy,OAK,1B,51,113,13,21,2,0,2,8,0,0,20,24,0,0,0,0.186,0.308,0.257,0.565
Albert Almora,CHC,OF,47,112,14,31,9,1,3,14,0,0,5,20,0,0,0,0.277,0.308,0.455,0.763
Ji-Man Choi,LAA,DH,54,112,9,19,4,0,5,12,2,4,16,27,0,1,0,0.17,0.271,0.339,0.61
Mac Williamson,SF,OF,54,112,14,25,3,0,6,15,0,1,13,35,0,0,2,0.223,0.315,0.411,0.726
Mitch Haniger,ARI,OF,34,109,9,25,2,1,5,17,0,0,12,27,0,1,1,0.229,0.309,0.404,0.713
Luis Sardinas,SD,SS,34,108,13,31,6,1,2,13,3,1,11,23,1,0,0,0.287,0.353,0.417,0.77
Kelby Tomlinson,SF,2B,52,106,13,31,4,0,0,6,5,1,12,18,1,0,1,0.292,0.37,0.33,0.7
T.J. Rivera,NYM,3B,33,105,10,35,4,1,3,16,0,0,3,17,0,4,1,0.333,0.345,0.476,0.821
Ryan Hanigan,BOS,C,35,105,9,18,4,0,1,14,0,0,7,27,0,0,1,0.171,0.23,0.238,0.468
Andrew Benintendi,BOS,OF,34,105,16,31,11,1,2,14,1,0,10,25,1,1,1,0.295,0.359,0.476,0.835
Andrew Toles,LAD,OF,48,105,19,33,9,1,3,16,1,1,8,25,0,1,1,0.314,0.365,0.505,0.87
Mike Moustakas,KC,3B,27,104,12,25,6,0,7,13,0,1,9,13,0,0,0,0.24,0.301,0.5,0.801
Chris Coghlan,CHC,3B,48,103,21,26,7,2,1,16,1,0,22,26,0,1,2,0.252,0.391,0.388,0.779
Oswaldo Arcia,MIN,OF,32,103,8,22,4,0,4,12,0,0,10,46,0,0,1,0.214,0.289,0.369,0.658
Scott Van Slyke,LAD,OF,52,102,10,23,6,0,1,7,1,2,5,24,0,1,5,0.225,0.292,0.314,0.606
Omar Narvaez,CWS,C,34,101,13,27,4,0,1,10,0,0,14,14,0,2,0,0.267,0.35,0.337,0.687
Teoscar Hernandez,HOU,OF,41,100,15,23,7,0,4,11,0,2,11,28,0,1,0,0.23,0.304,0.42,0.724
Brandon Barnes,COL,OF,48,100,10,22,6,2,0,8,1,2,3,30,5,0,1,0.22,0.25,0.32,0.57
Jose Lobaton,WAS,C,39,99,10,23,3,1,3,8,0,0,12,18,1,1,1,0.232,0.319,0.374,0.693
Chris Stewart,PIT,C,34,98,10,21,4,0,1,7,0,0,12,15,0,0,3,0.214,0.319,0.286,0.605
Shane Robinson,LAA,OF,65,98,16,17,3,0,1,10,3,2,10,17,2,0,1,0.173,0.257,0.235,0.492
Joey Wendle,OAK,2B,28,96,11,25,1,0,1,11,2,0,6,16,0,2,0,0.26,0.298,0.302,0.6
Michael Martinez,CLE,2B,59,95,15,23,4,0,1,4,0,2,3,21,1,0,0,0.242,0.265,0.316,0.581
Socrates Brito,ARI,OF,40,95,10,17,3,1,4,12,2,0,2,23,0,0,0,0.179,0.196,0.358,0.554
Steven Moya,DET,OF,31,94,9,24,4,2,5,11,0,1,5,38,0,1,0,0.255,0.29,0.5,0.79
Bruce Maxwell,OAK,C,33,92,8,26,6,1,1,14,0,0,8,24,0,1,0,0.283,0.337,0.402,0.739
Ben Paulsen,COL,1B,39,92,8,20,5,0,1,11,0,0,5,27,0,0,0,0.217,0.258,0.304,0.562
Casey McGehee,DET,3B,30,92,4,21,1,0,0,1,0,0,3,14,0,0,1,0.228,0.26,0.239,0.499
Guillermo Heredia,SEA,OF,45,92,12,23,3,0,1,12,1,1,12,15,1,0,2,0.25,0.349,0.315,0.664
Anthony Recker,ATL,C,33,90,6,25,8,0,2,15,1,0,16,22,3,1,2,0.278,0.394,0.433,0.827
Tuffy Gosewisch,ARI,C,33,90,8,14,1,1,3,7,0,0,7,22,1,0,1,0.156,0.224,0.289,0.513
Matt Reynolds,NYM,3B,47,89,11,20,8,0,3,13,0,1,4,34,2,0,1,0.225,0.266,0.416,0.682
Bobby Wilson,TB,C,28,87,14,20,2,0,4,9,0,0,5,28,3,0,0,0.23,0.272,0.391,0.663
Ramiro Pena,SF,2B,30,87,9,26,6,1,1,10,0,0,2,16,0,0,2,0.299,0.33,0.425,0.755
Kaleb Cowart,LAA,3B,31,85,8,15,4,0,1,8,0,0,0,23,0,1,1,0.176,0.184,0.259,0.443
Bryan Holaday,TEX,C,30,84,14,20,6,1,2,13,0,1,5,16,1,2,2,0.238,0.29,0.405,0.695
Aaron Judge,NYY,OF,27,84,10,15,2,0,4,10,0,1,9,42,0,1,1,0.179,0.263,0.345,0.608
Tyler Austin,NYY,1B,31,83,7,20,3,0,5,12,1,0,7,36,0,0,0,0.241,0.3,0.458,0.758
Darin Ruf,PHI,1B,43,83,8,17,2,0,3,9,0,1,4,25,0,2,0,0.205,0.236,0.337,0.573
John Ryan Murphy,MIN,C,26,82,4,12,3,0,1,3,0,0,5,19,2,1,0,0.146,0.193,0.22,0.413
Nick Buss,LAA,OF,36,81,7,16,7,1,1,8,2,1,6,24,1,2,0,0.198,0.247,0.346,0.593
Carl Crawford,LAD,OF,30,81,8,15,2,1,0,6,0,1,4,11,0,1,1,0.185,0.23,0.235,0.465
Brandon Guyer,CLE,OF,38,81,12,27,5,0,2,14,1,1,7,13,0,0,8,0.333,0.438,0.469,0.907
Erick Aybar,DET,SS,29,80,7,20,5,0,1,8,0,0,11,11,0,0,0,0.25,0.341,0.35,0.691
Taylor Motter,TB,SS,34,80,11,15,3,0,2,9,0,1,11,19,0,1,1,0.188,0.29,0.3,0.59
Jake Elmore,MIL,OF,59,78,7,17,2,0,0,4,2,3,17,17,2,0,2,0.218,0.371,0.244,0.615
Josh Phegley,OAK,C,26,78,11,20,6,0,1,10,0,0,5,13,0,1,2,0.256,0.314,0.372,0.686
Geovany Soto,LAA,C,26,78,11,21,5,0,4,9,0,0,6,21,2,0,0,0.269,0.321,0.487,0.808
Eric Fryer,PIT,C,36,78,12,17,2,1,0,8,0,2,10,18,2,2,0,0.218,0.3,0.269,0.569
Matt Duffy,TB,3B,21,76,9,21,3,0,1,7,0,1,3,13,0,1,0,0.276,0.3,0.355,0.655
Eric Campbell,NYM,1B,40,75,9,13,1,0,1,9,1,0,10,24,0,1,2,0.173,0.284,0.227,0.511
Brandon Nimmo,NYM,OF,32,73,12,20,1,0,1,6,0,0,6,20,0,0,1,0.274,0.338,0.329,0.667
Rob Segedin,LAD,1B,40,73,9,17,2,1,2,12,0,0,6,22,0,2,2,0.233,0.301,0.37,0.671
Luis Sardinas,SEA,SS,32,72,12,13,0,0,2,5,1,1,1,25,3,0,1,0.181,0.203,0.264,0.467
Manny Pina,MIL,C,33,71,4,18,4,0,2,12,0,1,10,15,0,0,0,0.254,0.346,0.394,0.74
Jabari Blash,SD,OF,38,71,7,12,2,0,3,5,1,0,11,34,0,0,2,0.169,0.298,0.324,0.622
Steve Clevenger,SEA,C,22,68,7,15,3,0,1,7,0,0,8,14,0,0,0,0.221,0.303,0.309,0.612
Dustin Garneau,COL,C,24,68,7,16,6,0,1,6,0,0,6,22,0,1,0,0.235,0.293,0.368,0.661
Charlie Culberson,LAD,SS,34,67,6,20,3,0,1,7,1,0,1,13,0,0,0,0.299,0.309,0.388,0.697
David Lough,PHI,OF,30,67,6,16,3,1,0,4,1,2,9,8,0,1,2,0.239,0.342,0.313,0.655
Yadiel Rivera,MIL,SS,35,66,12,14,4,0,0,3,0,0,2,20,3,0,0,0.212,0.235,0.273,0.508
Peter O'Brien,ARI,1B,28,64,6,9,1,0,5,9,0,0,3,27,0,0,0,0.141,0.179,0.391,0.57
Ehire Adrianza,SF,SS,40,63,3,16,2,0,2,7,0,1,2,13,4,0,2,0.254,0.299,0.381,0.68
Logan Schafer,MIN,OF,26,63,8,15,3,1,0,1,0,0,8,16,1,0,2,0.238,0.342,0.317,0.659
Xavier Scruggs,MIA,1B,24,62,1,13,3,0,1,5,0,0,5,20,0,0,2,0.21,0.29,0.306,0.596
Blake Swihart,BOS,C,19,62,9,16,0,3,0,5,0,1,11,17,0,1,0,0.258,0.365,0.355,0.72
Dustin Ackley,NYY,1B,28,61,6,9,0,0,0,4,0,0,8,9,0,1,0,0.148,0.243,0.148,0.391
Bryce Brentz,BOS,OF,25,61,8,17,3,0,1,7,0,0,3,17,0,0,0,0.279,0.313,0.377,0.69
Steve Pearce,BAL,1B,25,60,9,13,2,0,3,6,0,0,8,14,0,0,2,0.217,0.329,0.4,0.729
Tony Renda,CIN,2B,32,60,4,11,2,0,0,3,0,0,5,11,2,0,0,0.183,0.246,0.217,0.463
Chris Taylor,LAD,SS,34,58,8,12,2,2,1,7,0,0,4,13,0,0,0,0.207,0.258,0.362,0.62
Ty Kelly,NYM,2B,39,58,9,14,1,1,1,7,0,0,11,9,0,2,0,0.241,0.352,0.345,0.697
Wilmer Difo,WAS,2B,31,58,14,16,3,0,1,7,3,0,8,12,0,0,0,0.276,0.364,0.379,0.743
Alexei Ramirez,TB,SS,17,57,5,14,3,0,1,7,2,0,4,7,1,0,0,0.246,0.295,0.351,0.646
Roman Quinn,PHI,OF,15,57,10,15,4,0,0,6,5,1,8,19,2,0,2,0.263,0.373,0.333,0.706
Erik Kratz,PIT,C,18,56,3,6,1,0,1,4,0,0,0,18,1,0,0,0.107,0.107,0.179,0.286
Stephen Cardullo,COL,OF,27,56,5,12,3,1,2,6,0,0,3,12,0,0,0,0.214,0.254,0.411,0.665
Hanser Alberto,TEX,3B,35,56,2,8,1,0,0,5,1,0,0,17,2,0,0,0.143,0.143,0.161,0.304
Jerry Sands,CWS,1B,24,55,2,13,0,0,1,7,0,0,3,24,0,0,0,0.236,0.276,0.291,0.567
Oswaldo Arcia,TB,OF,21,54,7,14,2,1,2,7,1,1,6,19,0,1,0,0.259,0.328,0.444,0.772
Gorkys Hernandez,SF,OF,26,54,7,14,5,0,2,4,0,1,3,11,0,0,0,0.259,0.298,0.463,0.761
Coco Crisp,CLE,OF,20,53,9,11,3,0,2,8,3,0,9,13,2,0,0,0.208,0.323,0.377,0.7
Jaff Decker,TB,OF,19,52,1,8,1,0,0,1,1,0,4,14,0,1,0,0.154,0.211,0.173,0.384
Jordan Pacheco,CIN,C,31,51,1,8,4,0,0,0,0,0,0,14,0,0,0,0.157,0.157,0.235,0.392
Cole Gillespie,MIA,OF,41,51,7,12,3,2,0,5,0,0,3,14,0,1,0,0.235,0.273,0.373,0.646
Steve Selsky,CIN,3B,24,51,9,16,2,0,2,7,1,0,2,22,1,0,0,0.314,0.34,0.471,0.811
Chad Pinder,OAK,2B,22,51,4,12,4,0,1,4,0,0,3,14,0,1,0,0.235,0.273,0.373,0.646
Marco Hernandez,BOS,2B,40,51,11,15,1,0,1,5,1,0,5,10,0,0,0,0.294,0.357,0.373,0.73
Devin Mesoraco,CIN,C,16,50,2,7,1,0,0,1,0,1,5,10,0,0,0,0.14,0.218,0.16,0.378
Jemile Weeks,SD,2B,17,50,5,7,1,1,0,2,1,0,3,14,3,0,1,0.14,0.204,0.2,0.404
Jeff Francoeur,MIA,OF,26,50,4,14,2,1,0,1,0,2,4,15,1,0,0,0.28,0.333,0.36,0.693
Jason Coats,CWS,OF,28,50,8,10,4,0,1,4,1,0,5,12,1,0,2,0.2,0.298,0.34,0.638
Josh Rutledge,BOS,3B,28,49,9,13,6,0,0,3,2,0,6,19,1,0,0,0.265,0.345,0.388,0.733
Tyler Ladendorf,OAK,2B,45,48,6,4,0,0,0,1,2,0,1,13,1,0,0,0.083,0.102,0.083,0.185
Richie Shaffer,TB,OF,20,48,5,12,6,0,1,4,0,1,5,18,0,1,0,0.25,0.315,0.438,0.753
Cory Spangenberg,SD,2B,14,48,6,11,1,1,1,8,1,0,4,13,0,0,1,0.229,0.302,0.354,0.656
Leury Garcia,CWS,OF,18,48,6,11,1,1,1,5,2,1,1,13,0,0,1,0.229,0.26,0.354,0.614
Colin Walsh,MIL,3B,38,47,4,4,1,0,0,2,0,0,15,22,0,0,1,0.085,0.317,0.106,0.423
Jared Hoying,TEX,OF,39,46,8,10,2,0,0,5,1,0,3,8,0,0,0,0.217,0.265,0.261,0.526
Michael Bourn,BAL,OF,24,46,5,13,1,0,2,8,2,0,6,9,2,1,0,0.283,0.358,0.435,0.793
Grant Green,SF,2B,18,46,7,12,2,0,1,7,0,0,3,8,0,1,0,0.261,0.3,0.37,0.67
Brandon Snyder,ATL,3B,37,46,8,11,5,1,4,9,0,0,1,16,0,0,0,0.239,0.255,0.652,0.907
Emmanuel Burriss,PHI,2B,39,45,3,5,1,1,0,0,1,0,2,10,1,0,2,0.111,0.184,0.178,0.362
Hernan Iribarren,CIN,OF,24,45,6,14,0,3,0,2,1,0,0,11,0,0,0,0.311,0.311,0.444,0.755
Tom Murphy,COL,C,21,44,8,12,2,0,5,13,1,0,4,19,0,0,1,0.273,0.347,0.659,1.006
Matt McBride,OAK,OF,20,43,4,9,3,0,0,2,0,0,1,10,0,0,0,0.209,0.227,0.279,0.506
Oswaldo Arcia,SD,OF,14,43,2,5,1,0,2,4,0,0,2,14,0,0,0,0.116,0.156,0.279,0.435
Hector Sanchez,SD,C,26,42,3,12,1,0,3,7,0,0,3,8,0,0,1,0.286,0.348,0.524,0.872
Brian Goodwin,WAS,OF,22,42,1,12,4,1,0,5,0,0,2,14,0,0,0,0.286,0.318,0.429,0.747
A.J. Pollock,ARI,OF,12,41,9,10,0,0,2,4,4,0,5,8,0,0,0,0.244,0.326,0.39,0.716
Mark Canha,OAK,OF,16,41,4,5,0,0,3,6,0,1,0,20,1,1,1,0.122,0.14,0.341,0.481
Rey Fuentes,KC,OF,13,41,2,13,1,0,0,5,0,2,3,8,0,0,0,0.317,0.364,0.341,0.705
Ben Gamel,SEA,OF,27,40,8,8,2,0,1,5,0,0,5,15,2,0,0,0.2,0.289,0.325,0.614
Brett Nicholas,TEX,C,15,40,5,11,5,0,2,4,0,0,4,9,0,0,1,0.275,0.356,0.55,0.906
Francisco Pena,BAL,C,14,40,5,8,0,0,1,3,0,0,2,14,1,0,0,0.2,0.238,0.275,0.513
Michael Brantley,CLE,OF,11,39,5,9,2,0,0,7,1,0,3,6,0,1,0,0.231,0.279,0.282,0.561
Jose Pirela,SD,2B,15,39,2,6,2,0,0,0,0,1,1,9,1,0,0,0.154,0.175,0.205,0.38
Danny Worth,HOU,2B,16,39,4,7,2,0,0,1,0,0,1,6,0,0,0,0.179,0.2,0.231,0.431
Eric Fryer,STL,C,24,38,7,14,2,0,0,5,0,1,3,7,0,0,0,0.368,0.415,0.421,0.836
Alberto Rosario,STL,C,20,38,3,7,2,0,0,2,0,0,2,5,1,0,0,0.184,0.225,0.237,0.462
Raimel Tapia,COL,OF,22,38,4,10,0,0,0,3,3,0,2,11,0,1,0,0.263,0.293,0.263,0.556
Emilio Bonifacio,ATL,OF,24,38,6,8,0,0,0,3,1,0,3,12,2,0,0,0.211,0.268,0.211,0.479
Drew Stubbs,ATL,OF,20,38,6,9,0,0,1,3,4,0,4,20,0,0,0,0.237,0.31,0.316,0.626
Manuel Margot,SD,OF,10,37,4,9,4,1,0,3,2,0,0,7,0,0,0,0.243,0.243,0.405,0.648
Billy Burns,KC,OF,24,37,7,9,0,0,0,1,3,2,0,7,0,1,2,0.243,0.275,0.243,0.518
Carlos Ruiz,LAD,C,14,36,3,10,2,0,0,3,0,0,3,5,0,0,1,0.278,0.35,0.333,0.683
Hunter Renfroe,SD,OF,11,35,8,13,3,0,4,14,0,0,1,5,0,0,0,0.371,0.389,0.8,1.189
Junior Lake,TOR,OF,22,35,5,7,3,0,1,2,1,0,4,11,0,0,0,0.2,0.282,0.371,0.653
Craig Gentry,LAA,OF,14,34,2,5,1,0,0,2,0,0,3,6,1,0,1,0.147,0.237,0.176,0.413
Cedric Hunter,PHI,OF,13,34,3,3,0,0,1,1,0,0,2,6,0,0,0,0.088,0.139,0.176,0.315
Ruben Tejada,STL,SS,23,34,6,6,2,0,0,3,0,0,2,8,0,3,1,0.176,0.225,0.235,0.46
Matt den Dekker,WAS,OF,19,34,3,6,1,0,1,4,1,0,4,10,0,0,1,0.176,0.282,0.294,0.576
Bryan Holaday,BOS,C,14,33,3,7,1,0,0,1,0,0,2,12,0,0,0,0.212,0.257,0.242,0.499
Dioner Navarro,TOR,C,16,33,1,6,0,0,0,3,0,0,3,8,0,0,0,0.182,0.25,0.182,0.432
Austin Barnes,LAD,C,21,32,3,5,1,0,0,2,0,0,5,9,0,0,0,0.156,0.27,0.188,0.458
Ruben Tejada,SF,SS,13,32,3,5,3,0,0,2,0,0,5,5,1,0,0,0.156,0.27,0.25,0.52
A.J. Ellis,PHI,C,11,32,3,10,3,0,1,9,1,0,3,7,0,0,0,0.313,0.371,0.5,0.871
Paul Janish,BAL,SS,14,31,3,6,1,0,0,0,0,0,3,3,0,0,1,0.194,0.286,0.226,0.512
Kyle Jensen,ARI,OF,17,31,5,6,0,1,2,7,0,0,2,13,0,0,1,0.194,0.265,0.452,0.717
Tim Federowicz,CHC,C,17,31,3,6,2,0,0,3,0,0,1,12,0,1,0,0.194,0.212,0.258,0.47
Alen Hanson,PIT,2B,27,31,5,7,1,0,0,1,2,1,2,5,0,0,0,0.226,0.273,0.258,0.531
Erik Kratz,HOU,C,15,29,0,2,1,0,0,0,0,0,1,14,0,0,0,0.069,0.1,0.103,0.203
Billy Butler,NYY,1B,12,29,3,10,2,0,1,4,0,0,2,8,0,1,0,0.345,0.375,0.517,0.892
Chris Colabello,TOR,1B,10,29,0,2,0,0,0,1,0,0,2,9,0,0,1,0.069,0.156,0.069,0.225
Reid Brignac,ATL,3B,13,29,3,6,2,0,0,1,0,0,0,8,0,0,0,0.207,0.207,0.276,0.483
JaCoby Jones,DET,OF,13,28,3,6,3,0,0,2,0,0,0,12,0,0,0,0.214,0.214,0.321,0.535
Pedro Severino,WAS,C,16,28,6,9,2,0,2,4,0,0,5,3,0,0,1,0.321,0.441,0.607,1.048
Mason Williams,NYY,OF,12,27,4,8,1,0,0,2,0,0,1,12,1,0,0,0.296,0.321,0.333,0.654
Will Middlebrooks,MIL,3B,10,27,2,3,0,0,0,1,0,0,4,13,0,0,0,0.111,0.226,0.111,0.337
Don Kelly,MIA,1B,13,27,2,4,0,2,0,3,0,0,2,5,0,1,0,0.148,0.2,0.296,0.496
Darrell Ceciliani,TOR,OF,13,27,2,3,2,0,0,1,0,0,1,14,0,0,1,0.111,0.172,0.185,0.357
Todd Cunningham,LAA,OF,20,27,5,4,3,0,0,1,0,1,1,6,1,0,0,0.148,0.179,0.259,0.438
Cole Figueroa,PIT,2B,23,26,0,4,0,0,0,3,1,0,1,2,0,0,0,0.154,0.185,0.154,0.339
Taylor Featherston,PHI,2B,19,26,2,3,1,0,0,1,2,0,2,11,0,0,0,0.115,0.179,0.154,0.333
Jose Rondon,SD,DH,8,25,1,3,0,0,0,1,0,0,1,4,0,0,0,0.12,0.154,0.12,0.274
Jason Rogers,PIT,1B,23,25,2,2,0,1,0,2,0,0,7,9,0,0,1,0.08,0.303,0.16,0.463
Destin Hood,MIA,OF,13,25,3,6,1,0,1,2,0,1,0,11,0,0,0,0.24,0.24,0.4,0.64
Jesus Sucre,SEA,C,9,25,4,12,2,0,1,5,0,0,2,5,0,0,2,0.48,0.552,0.68,1.232
Joey Gallo,TEX,1B,17,25,2,1,0,0,1,1,1,0,5,19,0,0,0,0.04,0.2,0.16,0.36
Andy Wilkins,MIL,1B,26,24,3,3,1,0,1,3,1,0,3,10,0,0,0,0.125,0.222,0.292,0.514
Pedro Florimon,PIT,SS,18,24,4,5,1,1,0,4,0,1,1,12,0,0,0,0.208,0.24,0.333,0.573
Carlos Asuaje,SD,2B,7,24,2,5,2,0,0,2,0,0,1,4,0,0,0,0.208,0.24,0.292,0.532
Andre Ethier,LAD,OF,16,24,2,5,1,0,1,2,0,0,2,6,0,0,0,0.208,0.269,0.375,0.644
Robert Andino,MIA,2B,13,24,2,7,0,0,0,1,0,0,0,4,0,0,0,0.292,0.292,0.292,0.584
Austin Hedges,SD,C,8,24,2,3,1,0,0,1,0,1,0,7,0,1,1,0.125,0.154,0.167,0.321
Colin Moran,HOU,3B,9,23,1,3,1,0,0,2,0,0,1,8,0,0,1,0.13,0.2,0.174,0.374
Michael Reed,MIL,OF,8,22,3,4,0,0,0,0,1,0,2,7,0,0,0,0.182,0.25,0.182,0.432
James Beresford,MIN,1B,10,22,0,5,1,0,0,0,0,0,1,6,1,0,0,0.227,0.261,0.273,0.534
Kyle Waldrop,CIN,OF,15,22,1,5,1,0,0,1,0,1,1,5,0,0,0,0.227,0.261,0.273,0.534
Drew Stubbs,BAL,OF,20,22,1,3,0,0,0,1,1,1,4,11,0,0,1,0.136,0.296,0.136,0.432
Donovan Solano,NYY,2B,9,22,5,5,2,0,1,2,0,0,1,3,0,0,0,0.227,0.261,0.455,0.716
Munenori Kawasaki,CHC,2B,14,21,3,7,2,0,0,1,2,0,4,5,0,0,1,0.333,0.462,0.429,0.891
Matt Olson,OAK,1B,11,21,3,2,1,0,0,0,0,0,7,4,0,0,0,0.095,0.321,0.143,0.464
Justin Ruggiano,NYM,OF,8,20,4,7,0,0,2,6,0,1,2,9,0,0,0,0.35,0.409,0.65,1.059
Drew Stubbs,TEX,OF,19,20,6,6,0,0,2,3,4,0,4,7,0,1,0,0.3,0.4,0.6,1
Hector Olivera,ATL,OF,6,19,2,4,1,0,0,2,0,0,1,5,0,1,0,0.211,0.238,0.263,0.501
Daniel Robertson,SEA,OF,9,19,1,5,1,0,0,1,0,1,1,3,1,0,0,0.263,0.3,0.316,0.616
Arismendy Alcantara,OAK,OF,16,19,2,4,1,0,0,2,3,3,0,8,0,0,0,0.211,0.211,0.263,0.474
Yoan Moncada,BOS,2B,8,19,3,4,1,0,0,1,0,0,1,12,0,0,0,0.211,0.25,0.263,0.513
Hunter Dozier,KC,3B,8,19,4,4,1,0,0,1,0,0,2,8,0,0,0,0.211,0.286,0.263,0.549
Pat Valaika,COL,2B,13,19,3,5,1,0,1,2,0,0,0,8,0,0,0,0.263,0.263,0.474,0.737
Jordan Patterson,COL,OF,10,18,1,8,1,0,0,2,0,1,1,1,0,0,0,0.444,0.474,0.5,0.974
Will Venable,LAD,OF,12,18,2,1,1,0,0,0,0,0,0,5,0,0,1,0.056,0.105,0.111,0.216
Nick Noonan,SD,SS,7,18,0,3,0,0,0,1,0,1,1,5,0,1,0,0.167,0.2,0.167,0.367
Stefen Romero,SEA,OF,9,17,1,4,1,0,0,3,0,0,1,4,0,1,0,0.235,0.263,0.294,0.557
Andrew Susac,MIL,C,9,17,3,4,1,0,1,2,0,0,2,5,0,0,0,0.235,0.316,0.471,0.787
Kevan Smith,CWS,C,7,16,2,2,0,0,0,0,0,0,0,6,0,0,0,0.125,0.125,0.125,0.25
Erik Gonzalez,CLE,2B,21,16,2,5,0,0,0,0,0,1,1,8,0,0,0,0.313,0.353,0.313,0.666
Patrick Kivlehan,SD,OF,5,16,5,4,0,0,1,2,0,0,2,9,0,0,1,0.25,0.368,0.438,0.806
Jorge Alfaro,PHI,C,6,16,0,2,0,0,0,0,0,0,1,8,0,0,0,0.125,0.176,0.125,0.301
Jose Martinez,STL,1B,12,16,4,7,1,0,0,1,0,0,2,1,0,0,0,0.438,0.5,0.5,1
Jacob Stallings,PIT,C,5,15,0,6,1,0,0,2,1,0,0,4,0,0,0,0.4,0.4,0.467,0.867
Renato Nunez,OAK,3B,9,15,0,2,0,0,0,1,0,0,0,3,0,0,0,0.133,0.133,0.133,0.266
Jimmy Paredes,TOR,OF,7,15,2,4,1,0,1,2,0,0,2,4,0,0,0,0.267,0.353,0.533,0.886
Trey Mancini,BAL,1B,5,14,3,5,1,0,3,5,0,0,0,4,0,0,1,0.357,0.4,1.071,1.471
Ike Davis,NYY,1B,8,14,2,3,0,0,0,1,0,0,1,5,0,0,0,0.214,0.267,0.214,0.481
Juan Graterol,LAA,C,9,14,2,4,2,0,0,3,0,0,0,3,1,0,0,0.286,0.286,0.429,0.715
Bobby Wilson,DET,C,5,13,0,2,0,0,0,2,0,0,1,3,0,1,0,0.154,0.2,0.154,0.354
Mike Freeman,SEA,SS,13,13,1,5,1,0,0,1,0,0,0,2,0,0,0,0.385,0.385,0.462,0.847
Max Stassi,HOU,C,9,13,1,1,0,0,0,0,0,0,0,5,0,0,0,0.077,0.077,0.077,0.154
Tomas Telis,MIA,C,10,13,1,4,0,0,1,4,0,0,0,2,0,0,0,0.308,0.308,0.538,0.846
Carson Kelly,STL,C,10,13,1,2,1,0,0,1,0,0,0,2,0,0,1,0.154,0.214,0.231,0.445
Blake Lalli,ATL,C,10,13,0,2,1,0,0,1,0,0,0,3,0,0,0,0.154,0.154,0.231,0.385
Julio Borbon,BAL,OF,6,13,1,4,0,0,0,0,0,1,0,3,2,0,0,0.308,0.308,0.308,0.616
Brendan Ryan,LAA,2B,17,13,1,1,0,0,0,0,0,0,0,7,1,0,0,0.077,0.077,0.077,0.154
Brayan Pena,STL,C,9,13,0,2,1,0,0,0,0,0,1,2,0,0,0,0.154,0.214,0.231,0.445
Deven Marrero,BOS,3B,13,12,0,1,0,0,0,0,0,0,2,5,0,0,0,0.083,0.214,0.083,0.297
Daniel Vogelbach,SEA,1B,8,12,0,1,0,0,0,0,0,0,1,6,0,0,0,0.083,0.154,0.083,0.237
Collin Cowgill,CLE,OF,9,12,0,1,0,0,0,0,0,0,2,7,0,0,0,0.083,0.214,0.083,0.297
Jeimer Candelario,CHC,3B,5,11,0,1,0,0,0,0,0,0,2,5,0,0,1,0.091,0.286,0.091,0.377
Oscar Hernandez,ARI,C,4,11,1,2,0,0,1,1,0,0,0,0,0,0,0,0.182,0.182,0.455,0.637
Matt Dominguez,TOR,3B,5,11,0,0,0,0,0,0,0,0,1,3,0,0,0,0,0.083,0,0.083
Juniel Querecuto,TB,2B,4,11,1,1,0,1,0,2,0,0,0,6,0,0,0,0.091,0.091,0.273,0.364
Daniel Nava,KC,OF,9,11,1,1,1,0,0,0,0,0,1,4,0,0,0,0.091,0.167,0.182,0.349
Dixon Machado,DET,SS,8,10,1,1,0,0,0,0,0,0,3,4,0,0,0,0.1,0.308,0.1,0.408
Mike Freeman,ARI,SS,8,9,0,0,0,0,0,0,0,0,2,5,0,0,0,0,0.182,0,0.182
Darin Mastroianni,MIN,OF,7,9,1,0,0,0,0,0,1,0,2,4,0,0,0,0,0.182,0,0.182
Chris Parmelee,NYY,1B,6,8,4,4,1,0,2,4,0,0,0,3,0,0,0,0.5,0.5,1.375,1.875
Mike Morse,PIT,1B,6,8,0,0,0,0,0,0,0,0,0,2,0,0,0,0,0,0,0
Rusney Castillo,BOS,OF,9,8,4,2,1,0,0,0,0,0,0,3,0,0,0,0.25,0.25,0.375,0.625
Ben Gamel,NYY,OF,6,8,1,1,0,0,0,0,0,0,1,1,1,0,0,0.125,0.222,0.125,0.347
Hector Sanchez,CWS,C,2,7,0,1,0,0,0,1,0,0,1,2,0,0,0,0.143,0.25,0.143,0.393
Ryan Kalish,CHC,OF,7,7,1,2,0,0,0,2,0,0,1,0,1,0,1,0.286,0.444,0.286,0.73
Raffy Lopez,CIN,C,8,7,0,0,0,0,0,0,0,0,0,3,0,0,0,0,0,0,0
Rio Ruiz,ATL,3B,5,7,1,2,0,1,0,2,1,0,0,2,0,0,0,0.286,0.286,0.571,0.857
Micah Johnson,LAD,2B,7,6,1,1,0,0,0,0,0,0,0,1,0,0,0,0.167,0.167,0.167,0.334
Michael Martinez,BOS,2B,4,6,1,1,0,0,0,0,0,0,1,2,0,0,0,0.167,0.286,0.167,0.453
Jesus Aguilar,CLE,1B,9,6,0,0,0,0,0,0,0,0,0,1,0,0,0,0,0,0,0
Gavin Cecchini,NYM,2B,4,6,2,2,2,0,0,2,0,0,0,2,0,0,1,0.333,0.429,0.667,1.096
Pablo Sandoval,BOS,3B,3,6,0,0,0,0,0,0,0,0,1,4,0,0,0,0,0.143,0,0.143
Andy Burns,TOR,3B,10,6,2,0,0,0,0,0,0,0,0,2,0,0,1,0,0.143,0,0.143
Adam Moore,CLE,C,9,5,0,0,0,0,0,0,0,0,0,4,0,0,0,0,0,0,0
Patrick Kivlehan,CIN,OF,3,5,0,0,0,0,0,0,0,0,0,2,0,0,0,0,0,0,0
Gordon Beckham,SF,2B,3,5,0,0,0,0,0,1,0,0,0,2,0,1,0,0,0,0,0
Alex Presley,DET,OF,3,5,0,1,0,0,0,0,0,0,0,0,0,0,0,0.2,0.2,0.2,0.4
Zach Walters,LAD,OF,3,5,0,0,0,0,0,0,0,0,0,2,0,0,0,0,0,0,0
Rafael Ynoa,COL,OF,3,5,0,0,0,0,0,0,0,0,0,2,0,0,0,0,0,0,0
Josmil Pinto,MIL,C,6,5,1,0,0,0,0,0,0,0,1,4,0,0,0,0,0.167,0,0.167
Ryan LaMarre,BOS,OF,6,5,1,0,0,0,0,0,0,0,1,2,0,0,0,0,0.167,0,0.167
Tony Cruz,KC,C,4,4,0,0,0,0,0,1,0,0,0,3,0,1,0,0,0,0,0
Justin Ruggiano,TEX,OF,1,4,0,1,1,0,0,1,0,0,0,1,0,0,0,0.25,0.25,0.5,0.75
Kyle Schwarber,CHC,OF,2,4,0,0,0,0,0,0,0,0,1,2,0,0,0,0,0.2,0,0.2
Elias Diaz,PIT,C,1,4,0,0,0,0,0,1,0,0,0,1,0,0,0,0,0,0,0
Chris Taylor,SEA,SS,2,3,0,1,0,0,0,0,0,0,0,2,0,0,0,0.333,0.333,0.333,0.666
Terrance Gore,KC,OF,17,3,6,0,0,0,0,0,11,2,0,1,0,0,0,0,0,0,0
Matt Tuiasosopo,ATL,OF,3,3,0,0,0,0,0,0,0,0,0,1,0,0,0,0,0,0,0
Matt Duffy,HOU,3B,3,3,0,0,0,0,0,0,0,0,0,2,0,0,0,0,0,0,0
Yefri Perez,MIA,SS,12,3,5,2,1,0,0,0,4,2,0,1,0,0,0,0.667,0.667,1,1.667
Matt Davidson,CWS,1B,1,2,1,1,0,0,0,1,0,0,0,1,0,0,0,0.5,0.5,0.5,1
Dalton Pompey,TOR,OF,8,2,3,0,0,0,0,0,2,1,0,1,0,0,0,0,0,0,0
Oswaldo Arcia,MIA,OF,2,2,0,0,0,0,0,0,0,0,0,1,0,0,0,0,0,0,0
John Hicks,DET,C,1,2,1,1,1,0,0,0,0,0,0,0,0,0,0,0.5,0.5,1,1.5
Max Moroff,PIT,2B,2,2,0,0,0,0,0,0,0,0,0,2,0,0,0,0,0,0,0
Charlie Tilson,CWS,OF,1,2,0,1,0,0,0,0,0,0,0,0,0,0,0,0.5,0.5,0.5,1
Mike McKenry,STL,C,3,1,0,0,0,0,0,0,0,0,0,1,1,0,0,0,0,0,0
